{"cameraMode":{"drawMode":0,"name":"Shaded","section":"Shading Mode"},"sceneLighting":true,"audioPlay":false,"sceneViewState":{"m_AlwaysRefresh":false,"showFog":true,"showSkybox":true,"showFlares":true,"showImageEffects":true,"showParticleSystems":true,"showVisualEffectGraphs":true,"m_FxEnabled":true},"in2DMode":false,"pivot":{"x":-42.55427169799805,"y":5.229953765869141,"z":-13.172368049621582},"rotation":{"x":-0.19693824648857118,"y":-0.02676416002213955,"z":0.0053784227930009369,"w":-0.9800365567207336},"size":3.940962553024292,"orthographic":false}